[{"model": "contenttypes.contenttype", "pk": 1, "fields": {"app_label": "admin", "model": "logentry"}}, {"model": "contenttypes.contenttype", "pk": 2, "fields": {"app_label": "auth", "model": "permission"}}, {"model": "contenttypes.contenttype", "pk": 3, "fields": {"app_label": "auth", "model": "group"}}, {"model": "contenttypes.contenttype", "pk": 4, "fields": {"app_label": "auth", "model": "user"}}, {"model": "contenttypes.contenttype", "pk": 5, "fields": {"app_label": "contenttypes", "model": "contenttype"}}, {"model": "contenttypes.contenttype", "pk": 6, "fields": {"app_label": "sessions", "model": "session"}}, {"model": "contenttypes.contenttype", "pk": 7, "fields": {"app_label": "registration", "model": "address"}}, {"model": "contenttypes.contenttype", "pk": 8, "fields": {"app_label": "registration", "model": "creditcard"}}, {"model": "contenttypes.contenttype", "pk": 9, "fields": {"app_label": "registration", "model": "userprofile"}}, {"model": "sessions.session", "pk": "uevj8zeeryvulzpoyku2i8fb3a9eiwua", "fields": {"session_data": "M2Q5OGZjYzg2MDg4YWQ1ZjI5MGFkMjY1MDJmY2E3NDIwNjIwMGYxNjp7Il9hdXRoX3VzZXJfaWQiOiIxIiwiX2F1dGhfdXNlcl9iYWNrZW5kIjoiZGphbmdvLmNvbnRyaWIuYXV0aC5iYWNrZW5kcy5Nb2RlbEJhY2tlbmQiLCJfYXV0aF91c2VyX2hhc2giOiI2ZmEwOTA3YTFlMDM2Mzk4NjdmM2FlZDAxOGM3YjQ1Njc4NTJmOWIwIn0=", "expire_date": "2017-09-29T06:36:54.177Z"}}, {"model": "auth.permission", "pk": 1, "fields": {"name": "Can add log entry", "content_type": 1, "codename": "add_logentry"}}, {"model": "auth.permission", "pk": 2, "fields": {"name": "Can change log entry", "content_type": 1, "codename": "change_logentry"}}, {"model": "auth.permission", "pk": 3, "fields": {"name": "Can delete log entry", "content_type": 1, "codename": "delete_logentry"}}, {"model": "auth.permission", "pk": 4, "fields": {"name": "Can add permission", "content_type": 2, "codename": "add_permission"}}, {"model": "auth.permission", "pk": 5, "fields": {"name": "Can change permission", "content_type": 2, "codename": "change_permission"}}, {"model": "auth.permission", "pk": 6, "fields": {"name": "Can delete permission", "content_type": 2, "codename": "delete_permission"}}, {"model": "auth.permission", "pk": 7, "fields": {"name": "Can add group", "content_type": 3, "codename": "add_group"}}, {"model": "auth.permission", "pk": 8, "fields": {"name": "Can change group", "content_type": 3, "codename": "change_group"}}, {"model": "auth.permission", "pk": 9, "fields": {"name": "Can delete group", "content_type": 3, "codename": "delete_group"}}, {"model": "auth.permission", "pk": 10, "fields": {"name": "Can add user", "content_type": 4, "codename": "add_user"}}, {"model": "auth.permission", "pk": 11, "fields": {"name": "Can change user", "content_type": 4, "codename": "change_user"}}, {"model": "auth.permission", "pk": 12, "fields": {"name": "Can delete user", "content_type": 4, "codename": "delete_user"}}, {"model": "auth.permission", "pk": 13, "fields": {"name": "Can add content type", "content_type": 5, "codename": "add_contenttype"}}, {"model": "auth.permission", "pk": 14, "fields": {"name": "Can change content type", "content_type": 5, "codename": "change_contenttype"}}, {"model": "auth.permission", "pk": 15, "fields": {"name": "Can delete content type", "content_type": 5, "codename": "delete_contenttype"}}, {"model": "auth.permission", "pk": 16, "fields": {"name": "Can add session", "content_type": 6, "codename": "add_session"}}, {"model": "auth.permission", "pk": 17, "fields": {"name": "Can change session", "content_type": 6, "codename": "change_session"}}, {"model": "auth.permission", "pk": 18, "fields": {"name": "Can delete session", "content_type": 6, "codename": "delete_session"}}, {"model": "auth.permission", "pk": 19, "fields": {"name": "Can add driver", "content_type": 7, "codename": "add_driver"}}, {"model": "auth.permission", "pk": 20, "fields": {"name": "Can change driver", "content_type": 7, "codename": "change_driver"}}, {"model": "auth.permission", "pk": 21, "fields": {"name": "Can delete driver", "content_type": 7, "codename": "delete_driver"}}, {"model": "auth.permission", "pk": 22, "fields": {"name": "Can add credit card", "content_type": 8, "codename": "add_creditcard"}}, {"model": "auth.permission", "pk": 23, "fields": {"name": "Can change credit card", "content_type": 8, "codename": "change_creditcard"}}, {"model": "auth.permission", "pk": 24, "fields": {"name": "Can delete credit card", "content_type": 8, "codename": "delete_creditcard"}}, {"model": "auth.permission", "pk": 25, "fields": {"name": "Can add user profile", "content_type": 9, "codename": "add_userprofile"}}, {"model": "auth.permission", "pk": 26, "fields": {"name": "Can change user profile", "content_type": 9, "codename": "change_userprofile"}}, {"model": "auth.permission", "pk": 27, "fields": {"name": "Can delete user profile", "content_type": 9, "codename": "delete_userprofile"}}, {"model": "auth.user", "pk": 2, "fields": {"password": "pbkdf2_sha256$36000$4cmM6Lzq9GNP$+LGhL/B399XsH5t8G+DCTqretOvTXYsOFBcR68aBavw=", "last_login": null, "is_superuser": false, "username": "jennysaunders", "first_name": "Jenny", "last_name": "Saunders", "email": "jennys@bigpond.com", "is_staff": false, "is_active": true, "date_joined": "2017-09-15T06:53:00Z", "groups": [], "user_permissions": []}}, {"model": "auth.user", "pk": 3, "fields": {"password": "pbkdf2_sha256$36000$onm4sp3USTQg$54Djr3EeWk+m1GYR6qmjZCE9vyW5CcPQp8cJzHUdkL8=", "last_login": null, "is_superuser": false, "username": "marsha_hinds", "first_name": "Marsha", "last_name": "Hinds", "email": "marsha_hinds@hotmail.com", "is_staff": false, "is_active": true, "date_joined": "2017-09-15T07:08:52Z", "groups": [], "user_permissions": []}}, {"model": "auth.user", "pk": 4, "fields": {"password": "pbkdf2_sha256$36000$suvuRrF1FEPL$KV2bcpNc50HEYpjX3lEKDrTsGCjLhSjLok+SK27Aj2Y=", "last_login": null, "is_superuser": false, "username": "maryjones", "first_name": "Mary", "last_name": "Jones", "email": "maryjones_@gmail.com", "is_staff": false, "is_active": true, "date_joined": "2017-09-15T07:14:50Z", "groups": [], "user_permissions": []}}, {"model": "auth.user", "pk": 5, "fields": {"password": "pbkdf2_sha256$36000$7TLfJruj9bUJ$X+ekzBZBOWBf1iUXrzIorLGCcsJGS/WJkxAAsa5NqSI=", "last_login": null, "is_superuser": false, "username": "johnsmith77", "first_name": "John", "last_name": "Smith", "email": "johnsmith@bippond.com.au", "is_staff": false, "is_active": true, "date_joined": "2017-09-15T07:18:42Z", "groups": [], "user_permissions": []}}, {"model": "auth.user", "pk": 6, "fields": {"password": "pbkdf2_sha256$36000$6A8AVRI6PB20$4hU9S930PwjhiKo1XUgriYHkpvOCgwEjPAkTHfrTRps=", "last_login": null, "is_superuser": false, "username": "mattyboy", "first_name": "Matthew", "last_name": "Price", "email": "matt_price@gmail.com", "is_staff": false, "is_active": true, "date_joined": "2017-09-15T07:21:25Z", "groups": [], "user_permissions": []}}, {"model": "auth.user", "pk": 7, "fields": {"password": "pbkdf2_sha256$36000$gm1DSzBtyte8$VzABlEm1oJCzWCRnivU2HLrR5SKF5R7irD8PRGatp7Y=", "last_login": null, "is_superuser": false, "username": "jasontroff", "first_name": "Jason", "last_name": "Roff", "email": "jasonroff@gmail.com", "is_staff": false, "is_active": true, "date_joined": "2017-09-15T07:23:55Z", "groups": [], "user_permissions": []}}, {"model": "auth.user", "pk": 8, "fields": {"password": "pbkdf2_sha256$36000$RdlkX1j11ase$Xx72qfWtyoVoHab710RgdjX0tYHzERdmhRqBvUOpXEo=", "last_login": null, "is_superuser": false, "username": "sweety_pie", "first_name": "Elizabeth", "last_name": "Hart", "email": "liz_hart@hotmail.com", "is_staff": false, "is_active": true, "date_joined": "2017-09-15T07:26:53Z", "groups": [], "user_permissions": []}}, {"model": "auth.user", "pk": 9, "fields": {"password": "pbkdf2_sha256$36000$UiUcc4P4IGIR$Tq0dziSBzfjoRuMGFBB64tB4RvyScSvSATVr/pI35rA=", "last_login": null, "is_superuser": false, "username": "patfromhell", "first_name": "Patrick", "last_name": "Denahey", "email": "patden@hotmail.com", "is_staff": false, "is_active": true, "date_joined": "2017-09-15T07:30:42Z", "groups": [], "user_permissions": []}}, {"model": "auth.user", "pk": 10, "fields": {"password": "pbkdf2_sha256$36000$kA8tREiG8S3q$aVv+FtJkIsnoRIFu/nq/7PnJz9T/FF7YR0WI1vIz6no=", "last_login": null, "is_superuser": false, "username": "chrisysmiles", "first_name": "Christine", "last_name": "Dickson", "email": "chrisysmily@yahoo.com", "is_staff": false, "is_active": true, "date_joined": "2017-09-15T07:33:36Z", "groups": [], "user_permissions": []}}, {"model": "auth.user", "pk": 11, "fields": {"password": "pbkdf2_sha256$36000$GFM6501d9nx5$Jy8nk6ylFw6YdLn0hHZrgFLCqbZm3NrXMlE0PzZFuHc=", "last_login": null, "is_superuser": false, "username": "cooky_monster", "first_name": "Peter", "last_name": "Merrick", "email": "petemerrick@gmail.com", "is_staff": false, "is_active": true, "date_joined": "2017-09-15T07:36:49Z", "groups": [], "user_permissions": []}}, {"model": "auth.user", "pk": 12, "fields": {"password": "pbkdf2_sha256$36000$fLZTA9dNHMn4$ZR/tz0uHS0Fs27CzaeTpww7TnNvMN106apk4K7T62qs=", "last_login": null, "is_superuser": false, "username": "gorgeouslips", "first_name": "Amy", "last_name": "Thompson", "email": "amythompson@bigpond.com", "is_staff": false, "is_active": true, "date_joined": "2017-09-15T07:39:24Z", "groups": [], "user_permissions": []}}, {"model": "auth.user", "pk": 13, "fields": {"password": "pbkdf2_sha256$36000$7EfvwIBjxSMZ$o2q2mszXjUidZSGGWXtMdHXhB4oNo8IlmU6+0V7ti7M=", "last_login": null, "is_superuser": false, "username": "catinahat", "first_name": "Catherine", "last_name": "Borg", "email": "cathborg@gmail.com", "is_staff": false, "is_active": true, "date_joined": "2017-09-15T07:43:13Z", "groups": [], "user_permissions": []}}, {"model": "auth.user", "pk": 14, "fields": {"password": "pbkdf2_sha256$36000$fwAgAvoLFghM$FJdirWi11JZbbV5YCclHAIoXt2dAe7lm0QNLXxEQs1s=", "last_login": null, "is_superuser": false, "username": "rachel", "first_name": "Rachel", "last_name": "Rachel", "email": "rachel@bigpond.com", "is_staff": false, "is_active": true, "date_joined": "2017-09-15T07:46:46Z", "groups": [], "user_permissions": []}}, {"model": "auth.user", "pk": 15, "fields": {"password": "pbkdf2_sha256$36000$G9iy0v1Wrsx6$M8bqpS8xJ/oazYvUKHMcq9XcecX6vbaA4CPA4nIm/cM=", "last_login": null, "is_superuser": false, "username": "tommy_boy", "first_name": "Tommy", "last_name": "Riddle", "email": "tommy_boy@gmail.com", "is_staff": false, "is_active": true, "date_joined": "2017-09-15T07:51:46Z", "groups": [], "user_permissions": []}}, {"model": "auth.user", "pk": 16, "fields": {"password": "pbkdf2_sha256$36000$8j3R8G5BA15E$rajjOElpzMyg8Ee6c3IRetVcdFx8U1nsDop+k7Z2Ewo=", "last_login": null, "is_superuser": false, "username": "big_birdy", "first_name": "Harry", "last_name": "Potter", "email": "potty@hotmail.com", "is_staff": false, "is_active": true, "date_joined": "2017-09-15T07:55:27Z", "groups": [], "user_permissions": []}}, {"model": "registration.userprofile", "pk": 2, "fields": {"user": 2, "date_of_birth": "1954-07-05"}}, {"model": "registration.userprofile", "pk": 3, "fields": {"user": 3, "date_of_birth": "1974-01-17"}}, {"model": "registration.userprofile", "pk": 4, "fields": {"user": 4, "date_of_birth": "1990-09-12"}}, {"model": "registration.userprofile", "pk": 5, "fields": {"user": 5, "date_of_birth": "1995-11-20"}}, {"model": "registration.userprofile", "pk": 6, "fields": {"user": 6, "date_of_birth": "1983-04-14"}}, {"model": "registration.userprofile", "pk": 7, "fields": {"user": 7, "date_of_birth": "1953-09-06"}}, {"model": "registration.userprofile", "pk": 8, "fields": {"user": 8, "date_of_birth": "1987-10-20"}}, {"model": "registration.userprofile", "pk": 9, "fields": {"user": 9, "date_of_birth": "1974-02-17"}}, {"model": "registration.userprofile", "pk": 10, "fields": {"user": 10, "date_of_birth": "1963-09-14"}}, {"model": "registration.userprofile", "pk": 11, "fields": {"user": 11, "date_of_birth": "1973-06-06"}}, {"model": "registration.userprofile", "pk": 12, "fields": {"user": 12, "date_of_birth": "1984-12-21"}}, {"model": "registration.userprofile", "pk": 13, "fields": {"user": 13, "date_of_birth": "1970-01-18"}}, {"model": "registration.userprofile", "pk": 14, "fields": {"user": 14, "date_of_birth": "1950-10-06"}}, {"model": "registration.userprofile", "pk": 15, "fields": {"user": 15, "date_of_birth": "1983-07-18"}}, {"model": "registration.userprofile", "pk": 16, "fields": {"user": 16, "date_of_birth": "1980-08-25"}}, {"model": "registration.address", "pk": 2, "fields": {"user": 2, "address_line1": "19 Stevenage Street", "address_line2": null, "city": "Mornington", "state": "VIC", "postcode": "3931"}}, {"model": "registration.address", "pk": 3, "fields": {"user": 3, "address_line1": "8 Roland Street", "address_line2": null, "city": "Moonee Ponds", "state": "VIC", "postcode": "3039"}}, {"model": "registration.address", "pk": 4, "fields": {"user": 4, "address_line1": "10 Rawlands Avenue", "address_line2": null, "city": "Sunshine", "state": "VIC", "postcode": "3023"}}, {"model": "registration.address", "pk": 5, "fields": {"user": 5, "address_line1": "9 Jam Street", "address_line2": null, "city": "Melton", "state": "VIC", "postcode": "3337"}}, {"model": "registration.address", "pk": 6, "fields": {"user": 6, "address_line1": "9 Frank Road", "address_line2": null, "city": "Essendon", "state": "VIC", "postcode": "3040"}}, {"model": "registration.address", "pk": 7, "fields": {"user": 7, "address_line1": "Flat 3", "address_line2": "2 Palm Street", "city": "Ascot Vale", "state": "VIC", "postcode": "3032"}}, {"model": "registration.address", "pk": 8, "fields": {"user": 8, "address_line1": "9 Richmond Street", "address_line2": null, "city": "Brunswick", "state": "VIC", "postcode": "3056"}}, {"model": "registration.address", "pk": 9, "fields": {"user": 9, "address_line1": "22 Jamieson Road", "address_line2": null, "city": "Coburg", "state": "VIC", "postcode": "3053"}}, {"model": "registration.address", "pk": 10, "fields": {"user": 10, "address_line1": "80 Box Street", "address_line2": null, "city": "Fiztroy", "state": "VIC", "postcode": "3065"}}, {"model": "registration.address", "pk": 11, "fields": {"user": 11, "address_line1": "200 Matthews Road", "address_line2": null, "city": "Carlton", "state": "VIC", "postcode": "3053"}}, {"model": "registration.address", "pk": 12, "fields": {"user": 12, "address_line1": "1 Allan Avenue", "address_line2": null, "city": "Collingwood", "state": "VIC", "postcode": "3066"}}, {"model": "registration.address", "pk": 13, "fields": {"user": 13, "address_line1": "11 Rainbow Drive", "address_line2": null, "city": "Blacktown", "state": "NSW", "postcode": "2148"}}, {"model": "registration.address", "pk": 14, "fields": {"user": 14, "address_line1": "301 Pipe Road", "address_line2": null, "city": "Ballarat", "state": "VIC", "postcode": "3352"}}, {"model": "registration.address", "pk": 15, "fields": {"user": 15, "address_line1": "100 Death Road", "address_line2": null, "city": "Carlton", "state": "VIC", "postcode": "3053"}}, {"model": "registration.address", "pk": 16, "fields": {"user": 16, "address_line1": "104 Jiff Street", "address_line2": null, "city": "Kew", "state": "VIC", "postcode": "3101"}}, {"model": "registration.creditcard", "pk": 2, "fields": {"user": 2, "number": "5610591081018250", "expiry_month": "07", "expiry_year": "2018"}}, {"model": "registration.creditcard", "pk": 3, "fields": {"user": 3, "number": "\u200e378734493671000", "expiry_month": "01", "expiry_year": "2020"}}, {"model": "registration.creditcard", "pk": 4, "fields": {"user": 4, "number": "\u200e633110199999001", "expiry_month": "12", "expiry_year": "2019"}}, {"model": "registration.creditcard", "pk": 5, "fields": {"user": 5, "number": "4024007120125611", "expiry_month": "11", "expiry_year": "2020"}}, {"model": "registration.creditcard", "pk": 6, "fields": {"user": 6, "number": "5531114776944841", "expiry_month": "02", "expiry_year": "2021"}}, {"model": "registration.creditcard", "pk": 7, "fields": {"user": 7, "number": "6011332830976594", "expiry_month": "12", "expiry_year": "2019"}}, {"model": "registration.creditcard", "pk": 8, "fields": {"user": 8, "number": "377240330537504", "expiry_month": "04", "expiry_year": "2022"}}, {"model": "registration.creditcard", "pk": 9, "fields": {"user": 9, "number": "4485627003166986", "expiry_month": "03", "expiry_year": "2025"}}, {"model": "registration.creditcard", "pk": 10, "fields": {"user": 10, "number": "5578932992786876", "expiry_month": "05", "expiry_year": "2019"}}, {"model": "registration.creditcard", "pk": 11, "fields": {"user": 11, "number": "6011146838196736", "expiry_month": "10", "expiry_year": "2021"}}, {"model": "registration.creditcard", "pk": 12, "fields": {"user": 12, "number": "378752357780477", "expiry_month": "09", "expiry_year": "2023"}}, {"model": "registration.creditcard", "pk": 13, "fields": {"user": 13, "number": "372127831467494", "expiry_month": "13", "expiry_year": "2020"}}, {"model": "registration.creditcard", "pk": 14, "fields": {"user": 14, "number": "6011616695130556", "expiry_month": "08", "expiry_year": "2022"}}, {"model": "registration.creditcard", "pk": 15, "fields": {"user": 15, "number": "6011472282312706", "expiry_month": "11", "expiry_year": "2021"}}, {"model": "registration.creditcard", "pk": 16, "fields": {"user": 16, "number": "5269155179424848", "expiry_month": "03", "expiry_year": "2020"}}]