[{"model": "carshare.vehicletype", "pk": 1, "fields": {"description": "Standard", "hourly_rate": "11.50", "daily_rate": "65.00"}}, {"model": "carshare.vehicletype", "pk": 2, "fields": {"description": "Premium", "hourly_rate": "13.00", "daily_rate": "80.00"}}, {"model": "carshare.vehicletype", "pk": 3, "fields": {"description": "Economy", "hourly_rate": "9.50", "daily_rate": "50.00"}}, {"model": "carshare.pod", "pk": 1, "fields": {"latitude": "-37.81499300", "longitude": "144.96079100", "description": "South East corner Bourke and Queen St"}}, {"model": "carshare.pod", "pk": 2, "fields": {"latitude": "-37.81256900", "longitude": "144.96306500", "description": "Melbourne Emporium car park, spot 4E"}}, {"model": "carshare.pod", "pk": 3, "fields": {"latitude": "-37.81457079", "longitude": "144.95760030", "description": "Outside The William Hotel"}}, {"model": "carshare.pod", "pk": 4, "fields": {"latitude": "-37.81402622", "longitude": "144.95249480", "description": "Little Lonsdale St opposite Angliss"}}, {"model": "carshare.pod", "pk": 5, "fields": {"latitude": "-37.81241792", "longitude": "144.95372190", "description": "Corner La Trobe and King St, North West"}}, {"model": "carshare.pod", "pk": 6, "fields": {"latitude": "-37.80883036", "longitude": "144.95776265", "description": "Next to Queen Victoria Market, North side of roundabout"}}, {"model": "carshare.pod", "pk": 7, "fields": {"latitude": "-37.80753769", "longitude": "144.96216282", "description": "Franklin St outside ALDI"}}, {"model": "carshare.pod", "pk": 8, "fields": {"latitude": "-37.80722617", "longitude": "144.96324375", "description": "Franklin St outside Melbourne City Baths"}}, {"model": "carshare.pod", "pk": 9, "fields": {"latitude": "-37.80780894", "longitude": "144.96597424", "description": "Corner Russel and MacKenzie St, South side"}}, {"model": "carshare.pod", "pk": 10, "fields": {"latitude": "-37.80905922", "longitude": "144.97184962", "description": "Spring St, outside Department of Immigration"}}, {"model": "carshare.pod", "pk": 11, "fields": {"latitude": "-37.81049172", "longitude": "144.97205011", "description": "Corner Little Bourke St and Gordon Place, East side"}}, {"model": "carshare.pod", "pk": 12, "fields": {"latitude": "-37.81138384", "longitude": "144.97294262", "description": "Corner Bourke  and Spring St, North side"}}, {"model": "carshare.pod", "pk": 13, "fields": {"latitude": "-37.81491194", "longitude": "144.97214868", "description": "Flinders Ln, next to Sofitel loading dock"}}, {"model": "carshare.pod", "pk": 14, "fields": {"latitude": "-37.81963278", "longitude": "144.94839638", "description": "Batmans Hill Dr, outside Pizza Hut"}}, {"model": "carshare.pod", "pk": 15, "fields": {"latitude": "-37.82175366", "longitude": "144.95337322", "description": "Flinders St, outside Victoria Police"}}, {"model": "carshare.pod", "pk": 16, "fields": {"latitude": "-37.82429822", "longitude": "144.97086793", "description": "St Kilda Rd, near the Police Memorial"}}, {"model": "carshare.vehicle", "pk": 1, "fields": {"type": 1, "pod": 16, "name": "Nancy", "make": "Toyota", "model": "Yaris", "year": 2012, "active": true, "registration": "CYK143"}}, {"model": "carshare.vehicle", "pk": 2, "fields": {"type": 1, "pod": null, "name": "Bruce", "make": "Toyota", "model": "Yaris", "year": 2012, "active": true, "registration": "CYK144"}}, {"model": "carshare.vehicle", "pk": 3, "fields": {"type": 1, "pod": null, "name": "Jackie", "make": "Toyota", "model": "Yaris", "year": 2012, "active": true, "registration": "CYK145"}}, {"model": "carshare.vehicle", "pk": 4, "fields": {"type": 1, "pod": 13, "name": "Kate", "make": "Toyota", "model": "Yaris", "year": 2012, "active": true, "registration": "CYK146"}}, {"model": "carshare.vehicle", "pk": 5, "fields": {"type": 1, "pod": null, "name": "Mike", "make": "Toyota", "model": "Yaris", "year": 2012, "active": true, "registration": "CYK147"}}, {"model": "carshare.vehicle", "pk": 6, "fields": {"type": 1, "pod": 12, "name": "Peter", "make": "Toyota", "model": "Yaris", "year": 2012, "active": true, "registration": "CYK148"}}, {"model": "carshare.vehicle", "pk": 7, "fields": {"type": 1, "pod": null, "name": "Jordan", "make": "Toyota", "model": "Yaris", "year": 2012, "active": true, "registration": "CYK149"}}, {"model": "carshare.vehicle", "pk": 8, "fields": {"type": 1, "pod": 11, "name": "Ashlea", "make": "Toyota", "model": "Yaris", "year": 2012, "active": true, "registration": "CYK150"}}, {"model": "carshare.vehicle", "pk": 9, "fields": {"type": 1, "pod": null, "name": "Vicky", "make": "Toyota", "model": "Yaris", "year": 2012, "active": true, "registration": "CYK151"}}, {"model": "carshare.vehicle", "pk": 10, "fields": {"type": 1, "pod": 10, "name": "Ratna", "make": "Toyota", "model": "Yaris", "year": 2012, "active": true, "registration": "CYK152"}}, {"model": "carshare.vehicle", "pk": 11, "fields": {"type": 1, "pod": null, "name": "Heike", "make": "Toyota", "model": "Yaris", "year": 2012, "active": true, "registration": "CYK153"}}, {"model": "carshare.vehicle", "pk": 12, "fields": {"type": 1, "pod": null, "name": "Cameron", "make": "Toyota", "model": "Yaris", "year": 2012, "active": true, "registration": "CYK154"}}, {"model": "carshare.vehicle", "pk": 13, "fields": {"type": 1, "pod": null, "name": "Jodi", "make": "Toyota", "model": "Yaris", "year": 2012, "active": true, "registration": "CYK155"}}, {"model": "carshare.vehicle", "pk": 14, "fields": {"type": 1, "pod": 9, "name": "Karyn", "make": "Toyota", "model": "Yaris", "year": 2012, "active": true, "registration": "CYK156"}}, {"model": "carshare.vehicle", "pk": 15, "fields": {"type": 1, "pod": null, "name": "Laurie", "make": "Toyota", "model": "Yaris", "year": 2012, "active": true, "registration": "CYK157"}}, {"model": "carshare.vehicle", "pk": 16, "fields": {"type": 1, "pod": 8, "name": "Cole", "make": "Toyota", "model": "Yaris", "year": 2012, "active": true, "registration": "CYK158"}}, {"model": "carshare.vehicle", "pk": 17, "fields": {"type": 1, "pod": 14, "name": "Reed", "make": "Toyota", "model": "Yaris", "year": 2012, "active": true, "registration": "CYK159"}}, {"model": "carshare.vehicle", "pk": 18, "fields": {"type": 1, "pod": null, "name": "Elizabeth ", "make": "Toyota", "model": "Yaris", "year": 2012, "active": true, "registration": "CYK160"}}, {"model": "carshare.vehicle", "pk": 19, "fields": {"type": 1, "pod": null, "name": "Louisa", "make": "Toyota", "model": "Yaris", "year": 2012, "active": true, "registration": "CYK161"}}, {"model": "carshare.vehicle", "pk": 20, "fields": {"type": 1, "pod": null, "name": "Donald", "make": "Toyota", "model": "Yaris", "year": 2012, "active": true, "registration": "XKI844"}}, {"model": "carshare.vehicle", "pk": 21, "fields": {"type": 2, "pod": null, "name": "Casey", "make": "Toyota", "model": "Camry", "year": 2014, "active": true, "registration": "XKI845"}}, {"model": "carshare.vehicle", "pk": 22, "fields": {"type": 2, "pod": 7, "name": "Elliott", "make": "Toyota", "model": "Camry", "year": 2014, "active": true, "registration": "XKI846"}}, {"model": "carshare.vehicle", "pk": 23, "fields": {"type": 2, "pod": null, "name": "Emilia", "make": "Toyota", "model": "Camry", "year": 2014, "active": true, "registration": "XKI847"}}, {"model": "carshare.vehicle", "pk": 24, "fields": {"type": 2, "pod": null, "name": "Gordon", "make": "Toyota", "model": "Camry", "year": 2014, "active": true, "registration": "XKI848"}}, {"model": "carshare.vehicle", "pk": 25, "fields": {"type": 2, "pod": 6, "name": "Kelli", "make": "Toyota", "model": "Camry", "year": 2014, "active": true, "registration": "JUN553"}}, {"model": "carshare.vehicle", "pk": 26, "fields": {"type": 2, "pod": 5, "name": "Henry", "make": "Mazda", "model": "3", "year": 2015, "active": true, "registration": "JUN554"}}, {"model": "carshare.vehicle", "pk": 27, "fields": {"type": 2, "pod": 4, "name": "May", "make": "Mazda", "model": "3", "year": 2015, "active": true, "registration": "GUH057"}}, {"model": "carshare.vehicle", "pk": 28, "fields": {"type": 3, "pod": null, "name": "Avery", "make": "Mazda", "model": "2", "year": 2010, "active": true, "registration": "GUH058"}}, {"model": "carshare.vehicle", "pk": 29, "fields": {"type": 3, "pod": null, "name": "Conrad", "make": "Mazda", "model": "2", "year": 2010, "active": true, "registration": "GUH059"}}, {"model": "carshare.vehicle", "pk": 30, "fields": {"type": 3, "pod": null, "name": "Rico", "make": "Mazda", "model": "2", "year": 2010, "active": true, "registration": "GUH060"}}, {"model": "carshare.vehicle", "pk": 31, "fields": {"type": 3, "pod": null, "name": "Wallace", "make": "Mazda", "model": "2", "year": 2010, "active": true, "registration": "GUH061"}}, {"model": "carshare.vehicle", "pk": 32, "fields": {"type": 3, "pod": null, "name": "Hope", "make": "Mazda", "model": "2", "year": 2010, "active": true, "registration": "GUH062"}}, {"model": "carshare.vehicle", "pk": 33, "fields": {"type": 3, "pod": 3, "name": "Sonya", "make": "Mazda", "model": "2", "year": 2010, "active": true, "registration": "GUH063"}}, {"model": "carshare.vehicle", "pk": 34, "fields": {"type": 3, "pod": null, "name": "Rosella", "make": "Mazda", "model": "2", "year": 2010, "active": true, "registration": "GUH064"}}, {"model": "carshare.vehicle", "pk": 35, "fields": {"type": 3, "pod": 15, "name": "Clark", "make": "Mazda", "model": "2", "year": 2010, "active": true, "registration": "GUH065"}}, {"model": "carshare.vehicle", "pk": 36, "fields": {"type": 3, "pod": null, "name": "Harold", "make": "Mazda", "model": "2", "year": 2010, "active": true, "registration": "GUH066"}}, {"model": "carshare.vehicle", "pk": 37, "fields": {"type": 3, "pod": 2, "name": "Theron", "make": "Mazda", "model": "2", "year": 2010, "active": true, "registration": "GUH067"}}, {"model": "carshare.vehicle", "pk": 38, "fields": {"type": 3, "pod": 1, "name": "Jasper", "make": "Mazda", "model": "2", "year": 2010, "active": true, "registration": "GUH068"}}]